BEGIN;
CREATE TABLE "SequelizeMeta" ("name" VARCHAR(255) NOT NULL UNIQUE PRIMARY KEY);
INSERT INTO "SequelizeMeta" VALUES('20250804171242-create-user.js');
INSERT INTO "SequelizeMeta" VALUES('20250804181326-create-history.js');
INSERT INTO "SequelizeMeta" VALUES('20250804181336-create-favorite.js');
CREATE TABLE "users" ("id" SERIAL PRIMARY KEY, "name" VARCHAR(255), "email" VARCHAR(255), "password" VARCHAR(255), "createdAt" TIMESTAMPTZ NOT NULL, "updatedAt" TIMESTAMPTZ NOT NULL);
INSERT INTO "users" VALUES(1,'Paulo','paulo@example.com','$2b$10$sOVqGOG2i9K1cQqt48L32OBQ62JmNrVf3eHRInNQ8JphkUDapQSeS','2025-08-04 18:43:11.828 +00:00','2025-08-04 18:43:11.828 +00:00');
INSERT INTO "users" VALUES(2,'Fulano','fulano123@exemplo.com','$2b$10$cRcN5/kg7YKpAks1qVLo8Ols9c6sxGldVnB8.MOAv/pXq2WQTGgHC','2025-08-05 04:44:54.726 +00:00','2025-08-05 04:44:54.726 +00:00');
INSERT INTO "users" VALUES(3,'Paulo2','paulo2@exemplo.com','$2b$10$U3FEyR/jqCo2bGNbpOfRpOfXKtrmo0BPAWwgDAw66Zmio0sbeHO1G','2025-08-06 11:53:09.822 +00:00','2025-08-06 11:53:09.822 +00:00');
CREATE TABLE "Histories" ("id" SERIAL PRIMARY KEY, "userId" INTEGER, "action" VARCHAR(255), "createdAt" TIMESTAMPTZ NOT NULL, "updatedAt" TIMESTAMPTZ NOT NULL);
INSERT INTO "Histories" VALUES(1,1,'Simulação de 1 de bitcoin -> R$ 631578 / $ 114889','2025-08-05 01:22:11.826 +00:00','2025-08-05 01:22:11.826 +00:00');
INSERT INTO "Histories" VALUES(2,1,'Simulação de 1 de bitcoin -> R$ 631565 / $ 114882','2025-08-05 01:26:13.199 +00:00','2025-08-05 01:26:13.199 +00:00');
INSERT INTO "Histories" VALUES(3,1,'Simulação de 2 de ethereum -> R$ 40170 / $ 7306.32','2025-08-05 04:07:49.638 +00:00','2025-08-05 04:07:49.638 +00:00');
INSERT INTO "Histories" VALUES(4,1,'Simulação de 2 de ethereum -> R$ 40170 / $ 7306.32','2025-08-05 04:07:58.405 +00:00','2025-08-05 04:07:58.405 +00:00');
INSERT INTO "Histories" VALUES(5,1,'Simulação de 1 de bitcoin -> R$ 628611 / $ 114347','2025-08-05 04:15:31.031 +00:00','2025-08-05 04:15:31.031 +00:00');
INSERT INTO "Histories" VALUES(6,1,'Simulação de 2 de dogecoin -> R$ 2.28 / $ 0.413606','2025-08-05 04:17:02.368 +00:00','2025-08-05 04:17:02.368 +00:00');
INSERT INTO "Histories" VALUES(7,2,'Simulação de 10 de bitcoin -> R$ 6279600 / $ 1142260','2025-08-05 04:45:18.867 +00:00','2025-08-05 04:45:18.867 +00:00');
INSERT INTO "Histories" VALUES(8,2,'Simulação de 1 de bitcoin -> R$ 623612 / $ 113246','2025-08-05 16:34:43.777 +00:00','2025-08-05 16:34:43.777 +00:00');
INSERT INTO "Histories" VALUES(9,2,'Simulação de 66 de bitcoin -> R$ 41313822 / $ 7500966','2025-08-05 19:06:11.894 +00:00','2025-08-05 19:06:11.894 +00:00');
INSERT INTO "Histories" VALUES(10,2,'Simulação de 2 de bitcoin -> R$ 1251586 / $ 227370','2025-08-05 21:47:34.164 +00:00','2025-08-05 21:47:34.164 +00:00');
INSERT INTO "Histories" VALUES(11,2,'Simulação de 1 de bitcoin -> R$ 627772 / $ 114039','2025-08-05 23:14:53.465 +00:00','2025-08-05 23:14:53.465 +00:00');
INSERT INTO "Histories" VALUES(12,2,'Simulação de 100 de bitcoin -> R$ 62565000 / $ 11368200','2025-08-06 01:27:57.122 +00:00','2025-08-06 01:27:57.122 +00:00');
INSERT INTO "Histories" VALUES(13,2,'Simulação de 3 de bitcoin -> R$ 1876326 / $ 340941','2025-08-06 01:31:35.572 +00:00','2025-08-06 01:31:35.572 +00:00');
INSERT INTO "Histories" VALUES(14,2,'Simulação de 4 de bitcoin -> R$ 2499608 / $ 454308','2025-08-06 03:06:33.322 +00:00','2025-08-06 03:06:33.322 +00:00');
INSERT INTO "Histories" VALUES(15,2,'Simulação de 2 de bitcoin -> R$ 1258334 / $ 228502','2025-08-06 11:51:52.967 +00:00','2025-08-06 11:51:52.967 +00:00');
INSERT INTO "Histories" VALUES(16,3,'Simulação de 2 de bitcoin -> R$ 1257978 / $ 228396','2025-08-06 11:58:07.880 +00:00','2025-08-06 11:58:07.880 +00:00');
INSERT INTO "Histories" VALUES(17,3,'Simulação de 1 de bitcoin -> R$ 628898 / $ 114237','2025-08-06 12:12:47.874 +00:00','2025-08-06 12:12:47.874 +00:00');
CREATE TABLE "Favorites" ("id" SERIAL PRIMARY KEY, "userId" INTEGER, "coinSymbol" VARCHAR(255), "createdAt" TIMESTAMPTZ NOT NULL, "updatedAt" TIMESTAMPTZ NOT NULL);
COMMIT;